query,original_query,database_type,execution_time_ms,cpu_usage_percent,memory_usage_mb,memory_usage_percent,disk_read_mb,disk_write_mb,network_in_mb,network_out_mb,result_rows,result_size_mb,failed
/* TOP 1000 ROWS */ SELECT * FROM data LIMIT 1000,"-- TOP 1000 ROWS
SELECT * FROM data LIMIT 1000",MySQLHandler,47.891855239868164,6.8528,2363.44140625,14.742362389981917,0.0,0.0,0.010244369506835938,2.2874374389648438,1000,3.920193672180176,False
/* COUNT ALL */ SELECT COUNT(*) FROM data,"-- COUNT ALL
SELECT COUNT(*) FROM data",MySQLHandler,443.3929920196533,4.640637450199203,2380.546875,14.84906062184675,0.0,0.0,0.00148773193359375,0.0018167495727539062,1,0.000133514404296875,False
"/* DISTINCT VALUES & COUNT OF 'genre' */ SELECT DISTINCT genre, COUNT(genre) AS genre_count FROM data GROUP BY genre ORDER BY CASE WHEN genre_count IS NULL THEN 1 ELSE 0 END DESC, genre_count DESC","-- DISTINCT VALUES & COUNT OF 'genre'
SELECT 
    DISTINCT genre,
    COUNT(genre) AS genre_count 
FROM data 
GROUP BY genre 
ORDER BY genre_count DESC",MySQLHandler,2146.631956100464,2.2407221664994985,2405.328125,15.003637827361821,0.0,0.0,0.0023508071899414062,0.09203433990478516,3097,0.23495960235595703,False
"/* DISTINCT VALUES IN COLUMN 'album' */ SELECT DISTINCT album, COUNT(album) AS album_count FROM data GROUP BY album ORDER BY CASE WHEN album_count IS NULL THEN 1 ELSE 0 END DESC, album_count DESC","-- DISTINCT VALUES IN COLUMN 'album'
SELECT 
    DISTINCT album,
    COUNT(album) AS album_count 
FROM data 
GROUP BY album 
ORDER BY album_count DESC",MySQLHandler,3033.5700511932373,1.4743743743743745,2432.3984375,15.172493444357324,0.0,0.0,0.018400192260742188,4.039602279663086,151168,11.28181266784668,False
"/* STATS (AVG, SUM, MIN, MAX) FOR COLUMN 'tempo' */ SELECT AVG(tempo) AS avg_tempo, SUM(tempo) AS sum_tempo, MIN(tempo) AS min_tempo, MAX(tempo) AS max_tempo FROM data","-- STATS (AVG, SUM, MIN, MAX) FOR COLUMN 'tempo'
SELECT 
    AVG(tempo) AS avg_tempo,
    SUM(tempo) AS sum_tempo, 
    MIN(tempo) AS min_tempo, 
    MAX(tempo) AS max_tempo 
FROM data",MySQLHandler,989.4421100616455,1.675553319919517,2433.1484375,15.177171695217803,0.0,0.0,0.0016269683837890625,0.0019350051879882812,1,0.000156402587890625,False
/* FILTER BY LIKE OPERATOR & 2 CONDITIONS */ SELECT * FROM data WHERE text LIKE '%%love%%' AND tempo < 120,"-- FILTER BY LIKE OPERATOR & 2 CONDITIONS
SELECT * 
FROM data 
WHERE text LIKE '%%love%%'
AND tempo < 120",MySQLHandler,7214.687824249268,1.664149043303122,2421.15625,15.1023684132299,0.0,0.0,1.0253839492797852,255.70014190673828,119158,433.5639772415161,False
"/* SELF-JOIN ON 'artist' TO FIND DUPLICATE ARTISTS */ SELECT DISTINCT a1.artist_s AS artists, COUNT(*) AS duplicate_count FROM data AS a1 JOIN data AS a2 ON a1.artist_s = a2.artist_s GROUP BY a1.artist_s","-- SELF-JOIN ON 'artist' TO FIND DUPLICATE ARTISTS
SELECT 
    DISTINCT a1.artist_s AS artists, 
    COUNT(*) AS duplicate_count 
FROM data AS a1 
JOIN data AS a2 
ON a1.artist_s = a2.artist_s
GROUP BY a1.artist_s",MySQLHandler,116552.49309539795,1.3195242814667987,627.81640625,3.9161101903512052,0.0,0.0,0.01594257354736328,3.4776086807250977,127197,9.554627418518066,False
/* TOP 1000 ROWS */ SELECT * FROM data LIMIT 1000,"-- TOP 1000 ROWS
SELECT * FROM data LIMIT 1000",PostgresHandler,116.66584014892578,0.8754245754245755,1199.375,7.481302834386508,0.0,0.0,0.021032333374023438,2.4446020126342773,1000,3.9677934646606445,False
/* COUNT ALL */ SELECT COUNT(*) FROM data,"-- COUNT ALL
SELECT COUNT(*) FROM data",PostgresHandler,177.3679256439209,1.1333665338645418,1206.48828125,7.525673119891387,0.0,0.0,0.001827239990234375,0.0024976730346679688,1,0.000133514404296875,False
"/* DISTINCT VALUES & COUNT OF 'genre' */ SELECT DISTINCT genre, COUNT(genre) AS genre_count FROM data GROUP BY genre ORDER BY genre_count DESC","-- DISTINCT VALUES & COUNT OF 'genre'
SELECT 
    DISTINCT genre,
    COUNT(genre) AS genre_count 
FROM data 
GROUP BY genre 
ORDER BY genre_count DESC",PostgresHandler,246.56224250793457,19.71590678824721,1211.95703125,7.559785365749064,0.0,0.0,0.0030727386474609375,0.1195974349975586,3097,0.23495960235595703,False
"/* DISTINCT VALUES IN COLUMN 'album' */ SELECT DISTINCT album, COUNT(album) AS album_count FROM data GROUP BY album ORDER BY album_count DESC","-- DISTINCT VALUES IN COLUMN 'album'
SELECT 
    DISTINCT album,
    COUNT(album) AS album_count 
FROM data 
GROUP BY album 
ORDER BY album_count DESC",PostgresHandler,911.3979339599609,17.00040322580645,1219.29296875,7.6055445069781475,0.0,0.0,0.04562568664550781,5.453575134277344,154682,11.50865650177002,False
"/* STATS (AVG, SUM, MIN, MAX) FOR COLUMN 'tempo' */ SELECT AVG(tempo) AS avg_tempo, SUM(tempo) AS sum_tempo, MIN(tempo) AS min_tempo, MAX(tempo) AS max_tempo FROM data","-- STATS (AVG, SUM, MIN, MAX) FOR COLUMN 'tempo'
SELECT 
    AVG(tempo) AS avg_tempo,
    SUM(tempo) AS sum_tempo, 
    MIN(tempo) AS min_tempo, 
    MAX(tempo) AS max_tempo 
FROM data",PostgresHandler,789.9641990661621,18.763618090452265,1371.47265625,8.5547908456377,0.0,0.0,0.0019664764404296875,0.0026187896728515625,1,0.000156402587890625,False
/* FILTER BY LIKE OPERATOR & 2 CONDITIONS */ SELECT * FROM data WHERE text LIKE '%%love%%' AND tempo < 120,"-- FILTER BY LIKE OPERATOR & 2 CONDITIONS
SELECT * 
FROM data 
WHERE text LIKE '%%love%%'
AND tempo < 120",PostgresHandler,2544.656753540039,15.55005025125628,1450.9453125,9.050514875619442,0.0,0.0,2.008563995361328,264.6020679473877,115044,419.287654876709,False
"/* SELF-JOIN ON 'artist' TO FIND DUPLICATE ARTISTS */ SELECT DISTINCT a1.artist_s AS artists, COUNT(*) AS duplicate_count FROM data AS a1 JOIN data AS a2 ON a1.artist_s = a2.artist_s GROUP BY a1.artist_s","-- SELF-JOIN ON 'artist' TO FIND DUPLICATE ARTISTS
SELECT 
    DISTINCT a1.artist_s AS artists, 
    COUNT(*) AS duplicate_count 
FROM data AS a1 
JOIN data AS a2 
ON a1.artist_s = a2.artist_s
GROUP BY a1.artist_s",PostgresHandler,3702.944040298462,15.210150753768845,1526.39453125,9.521142039005891,0.0,0.0,0.039139747619628906,4.595521926879883,127334,9.563119888305664,False
/* TOP 1000 ROWS */ SELECT * FROM data LIMIT 1000,"-- TOP 1000 ROWS
SELECT * FROM data LIMIT 1000",DuckDBHandler,20.924091339111328,0.012725450901803607,0.3984375,0.0024853207696307446,0.0,0.0,0.0,0.0,1000,3.920193672180176,False
/* COUNT ALL */ SELECT COUNT(*) FROM data,"-- COUNT ALL
SELECT COUNT(*) FROM data",DuckDBHandler,3.0279159545898438,0.016083916083916083,0.30078125,0.0018761735221722287,0.0,0.0,0.0,0.0,1,0.000133514404296875,False
"/* DISTINCT VALUES & COUNT OF 'genre' */ SELECT DISTINCT genre, COUNT(genre) AS genre_count FROM data GROUP BY genre ORDER BY genre_count DESC NULLS FIRST","-- DISTINCT VALUES & COUNT OF 'genre'
SELECT 
    DISTINCT genre,
    COUNT(genre) AS genre_count 
FROM data 
GROUP BY genre 
ORDER BY genre_count DESC",DuckDBHandler,12.826204299926758,0.028742514970059883,0.30078125,0.0018761735221722287,0.0,0.0,0.0,0.0,3097,0.23495960235595703,False
"/* DISTINCT VALUES IN COLUMN 'album' */ SELECT DISTINCT album, COUNT(album) AS album_count FROM data GROUP BY album ORDER BY album_count DESC NULLS FIRST","-- DISTINCT VALUES IN COLUMN 'album'
SELECT 
    DISTINCT album,
    COUNT(album) AS album_count 
FROM data 
GROUP BY album 
ORDER BY album_count DESC",DuckDBHandler,162.53113746643066,0.009026369168356998,0.30078125,0.0018761735221722287,0.0,0.0,0.0,0.0,154682,11.50865650177002,False
"/* STATS (AVG, SUM, MIN, MAX) FOR COLUMN 'tempo' */ SELECT AVG(tempo) AS avg_tempo, SUM(tempo) AS sum_tempo, MIN(tempo) AS min_tempo, MAX(tempo) AS max_tempo FROM data","-- STATS (AVG, SUM, MIN, MAX) FOR COLUMN 'tempo'
SELECT 
    AVG(tempo) AS avg_tempo,
    SUM(tempo) AS sum_tempo, 
    MIN(tempo) AS min_tempo, 
    MAX(tempo) AS max_tempo 
FROM data",DuckDBHandler,4.117012023925781,0.010240963855421687,0.30078125,0.0018761735221722287,0.0,0.0,0.0,0.0,1,0.000156402587890625,False
/* FILTER BY LIKE OPERATOR & 2 CONDITIONS */ SELECT * FROM data WHERE text LIKE '%%love%%' AND tempo < 120,"-- FILTER BY LIKE OPERATOR & 2 CONDITIONS
SELECT * 
FROM data 
WHERE text LIKE '%%love%%'
AND tempo < 120",DuckDBHandler,2467.474937438965,0.0027860696517412937,0.30078125,0.0018761735221722287,0.0,0.0,0.0,0.0,115044,419.287654876709,False
"/* SELF-JOIN ON 'artist' TO FIND DUPLICATE ARTISTS */ SELECT DISTINCT a1.artist_s AS artists, COUNT(*) AS duplicate_count FROM data AS a1 JOIN data AS a2 ON a1.artist_s = a2.artist_s GROUP BY a1.artist_s","-- SELF-JOIN ON 'artist' TO FIND DUPLICATE ARTISTS
SELECT 
    DISTINCT a1.artist_s AS artists, 
    COUNT(*) AS duplicate_count 
FROM data AS a1 
JOIN data AS a2 
ON a1.artist_s = a2.artist_s
GROUP BY a1.artist_s",DuckDBHandler,276.5309810638428,0.006224899598393575,0.30078125,0.0018761735221722287,0.0,0.0,0.0,0.0,127334,9.563119888305664,False
/* TOP 1000 ROWS */ SELECT * FROM data LIMIT 1000,"-- TOP 1000 ROWS
SELECT * FROM data LIMIT 1000",ClickHouseHandler,135.2989673614502,6.397556008146639,1880.015625,11.726912953832974,0.0,0.0,0.004973411560058594,2.330653190612793,1000,3.920193672180176,False
/* COUNT ALL */ SELECT COUNT(*) FROM data,"-- COUNT ALL
SELECT COUNT(*) FROM data",ClickHouseHandler,33.11467170715332,6.839130434782609,1901.7890625,11.862728424126324,0.0,0.0,0.0023221969604492188,0.0044574737548828125,1,0.000133514404296875,False
"/* DISTINCT VALUES & COUNT OF 'genre' */ SELECT DISTINCT genre, COUNT(genre) AS genre_count FROM data GROUP BY genre ORDER BY genre_count DESC NULLS FIRST","-- DISTINCT VALUES & COUNT OF 'genre'
SELECT 
    DISTINCT genre,
    COUNT(genre) AS genre_count 
FROM data 
GROUP BY genre 
ORDER BY genre_count DESC",ClickHouseHandler,68.2210922241211,7.648140703517588,1895.921875,11.826130857499017,0.0,0.0,0.0031232833862304688,0.08253192901611328,3097,0.23495960235595703,False
"/* DISTINCT VALUES IN COLUMN 'album' */ SELECT DISTINCT album, COUNT(album) AS album_count FROM data GROUP BY album ORDER BY album_count DESC NULLS FIRST","-- DISTINCT VALUES IN COLUMN 'album'
SELECT 
    DISTINCT album,
    COUNT(album) AS album_count 
FROM data 
GROUP BY album 
ORDER BY album_count DESC",ClickHouseHandler,434.34596061706543,6.820443101711985,1946.68359375,12.142765596727953,0.0,0.0,0.00708770751953125,3.5095481872558594,154682,11.50868034362793,False
"/* STATS (AVG, SUM, MIN, MAX) FOR COLUMN 'tempo' */ SELECT AVG(tempo) AS avg_tempo, SUM(tempo) AS sum_tempo, MIN(tempo) AS min_tempo, MAX(tempo) AS max_tempo FROM data","-- STATS (AVG, SUM, MIN, MAX) FOR COLUMN 'tempo'
SELECT 
    AVG(tempo) AS avg_tempo,
    SUM(tempo) AS sum_tempo, 
    MIN(tempo) AS min_tempo, 
    MAX(tempo) AS max_tempo 
FROM data",ClickHouseHandler,39.71290588378906,13.598293172690765,1904.5703125,11.880076937733943,0.0,0.0,0.0025882720947265625,0.004535675048828125,1,0.000156402587890625,False
/* FILTER BY LIKE OPERATOR & 2 CONDITIONS */ SELECT * FROM data WHERE text LIKE '%%love%%' AND tempo < 120,"-- FILTER BY LIKE OPERATOR & 2 CONDITIONS
SELECT * 
FROM data 
WHERE text LIKE '%%love%%'
AND tempo < 120",ClickHouseHandler,11259.46021080017,10.8082995951417,1927.8125,12.02505398262907,0.0,0.0,0.02353382110595703,251.78749179840088,115044,419.28827476501465,False
"/* SELF-JOIN ON 'artist' TO FIND DUPLICATE ARTISTS */ SELECT DISTINCT a1.artist_s AS artists, COUNT(*) AS duplicate_count FROM data AS a1 JOIN data AS a2 ON a1.artist_s = a2.artist_s GROUP BY a1.artist_s","-- SELF-JOIN ON 'artist' TO FIND DUPLICATE ARTISTS
SELECT 
    DISTINCT a1.artist_s AS artists, 
    COUNT(*) AS duplicate_count 
FROM data AS a1 
JOIN data AS a2 
ON a1.artist_s = a2.artist_s
GROUP BY a1.artist_s",ClickHouseHandler,887.310266494751,9.853083923154703,2093.921875,13.061189084666108,0.0,0.0,0.024582862854003906,3.034579277038574,127334,9.563119888305664,False
