query,original_query,database_type,execution_time_ms,cpu_usage_percent,memory_usage_mb,memory_usage_percent,disk_read_mb,disk_write_mb,network_in_mb,network_out_mb,result_rows,result_size_mb,failed,memory_limit,cpu_limit
/* TOP 1000 ROWS */ SELECT * FROM data LIMIT 1000,"-- TOP 1000 ROWS
SELECT * FROM data LIMIT 1000",MySQLHandler,22.775888442993164,2.886810641627543,3218.625,9.822463989257812,0.0,0.0,0.010874748229980469,2.2875003814697266,1000,3.920193672180176,False,32G,10
/* COUNT ALL */ SELECT COUNT(*) FROM data,"-- COUNT ALL
SELECT COUNT(*) FROM data",MySQLHandler,148.590087890625,1.0065708931917552,3219.8046875,9.826064109802246,0.0,0.0,0.0014886856079101562,0.0018167495727539062,1,0.000133514404296875,False,32G,10
"/* DISTINCT VALUES & COUNT OF 'genre' */ SELECT DISTINCT genre, COUNT(genre) AS genre_count FROM data GROUP BY genre ORDER BY CASE WHEN genre_count IS NULL THEN 1 ELSE 0 END DESC, genre_count DESC","-- DISTINCT VALUES & COUNT OF 'genre'
SELECT 
    DISTINCT genre,
    COUNT(genre) AS genre_count 
FROM data 
GROUP BY genre 
ORDER BY genre_count DESC",MySQLHandler,1015.5165195465088,0.323002815139193,3236.37890625,9.876644611358643,0.0,0.0,0.002414703369140625,0.09209728240966797,3097,0.23495960235595703,False,32G,10
"/* DISTINCT VALUES IN COLUMN 'album' */ SELECT DISTINCT album, COUNT(album) AS album_count FROM data GROUP BY album ORDER BY CASE WHEN album_count IS NULL THEN 1 ELSE 0 END DESC, album_count DESC","-- DISTINCT VALUES IN COLUMN 'album'
SELECT 
    DISTINCT album,
    COUNT(album) AS album_count 
FROM data 
GROUP BY album 
ORDER BY album_count DESC",MySQLHandler,1610.644817352295,1.0070000000000001,3265.01171875,9.964025020599365,0.0,0.0,0.01682758331298828,4.038595199584961,151168,11.28181266784668,False,32G,10
"/* STATS (AVG, SUM, MIN, MAX) FOR COLUMN 'tempo' */ SELECT AVG(tempo) AS avg_tempo, SUM(tempo) AS sum_tempo, MIN(tempo) AS min_tempo, MAX(tempo) AS max_tempo FROM data","-- STATS (AVG, SUM, MIN, MAX) FOR COLUMN 'tempo'
SELECT 
    AVG(tempo) AS avg_tempo,
    SUM(tempo) AS sum_tempo, 
    MIN(tempo) AS min_tempo, 
    MAX(tempo) AS max_tempo 
FROM data",MySQLHandler,415.76361656188965,0.2691476740555729,3265.0390625,9.96410846710205,0.0,0.0,0.0016279220581054688,0.0019350051879882812,1,0.000156402587890625,False,32G,10
/* FILTER BY LIKE OPERATOR & 2 CONDITIONS */ SELECT * FROM data WHERE text LIKE '%%love%%' AND tempo < 120,"-- FILTER BY LIKE OPERATOR & 2 CONDITIONS
SELECT * 
FROM data 
WHERE text LIKE '%%love%%'
AND tempo < 120",MySQLHandler,3346.461057662964,0.22145363408521304,3265.05859375,9.964168071746826,0.0,0.0,1.025625228881836,255.6996545791626,119158,433.5639772415161,False,32G,10
"/* SELF-JOIN ON 'artist' TO FIND DUPLICATE ARTISTS */ SELECT DISTINCT a1.artist_s AS artists, COUNT(*) AS duplicate_count FROM data AS a1 JOIN data AS a2 ON a1.artist_s = a2.artist_s GROUP BY a1.artist_s","-- SELF-JOIN ON 'artist' TO FIND DUPLICATE ARTISTS
SELECT 
    DISTINCT a1.artist_s AS artists, 
    COUNT(*) AS duplicate_count 
FROM data AS a1 
JOIN data AS a2 
ON a1.artist_s = a2.artist_s
GROUP BY a1.artist_s",MySQLHandler,62649.37138557434,0.1989,3288.81640625,10.036671161651611,0.0,0.0,0.01865386962890625,3.479085922241211,127197,9.554627418518066,False,32G,10
